{
  "timestamp": "2026-04-13T14:27:09.445159",
  "n_queries": 134,
  "retrieval_metrics": {
    "precision@1": 0.30597014925373134,
    "precision@3": 0.16666666666666666,
    "precision@5": 0.1,
    "precision@10": 0.05,
    "recall@1": 0.2947761194029851,
    "f1@1": 0.29850746268656714,
    "hit_rate@1": 0.30597014925373134,
    "mrr@1": 0.30597014925373134,
    "map@1": 0.30597014925373134,
    "ndcg@1": 0.30597014925373134,
    "recall@3": 0.4701492537313433,
    "f1@3": 0.24402985074626868,
    "hit_rate@3": 0.4925373134328358,
    "mrr@3": 0.39427860696517414,
    "map@3": 0.3781094527363184,
    "ndcg@3": 0.40611367324128395,
    "recall@5": 0.4701492537313433,
    "f1@5": 0.16382373845060416,
    "hit_rate@5": 0.4925373134328358,
    "mrr@5": 0.39427860696517414,
    "map@5": 0.3781094527363184,
    "ndcg@5": 0.40611367324128395,
    "recall@10": 0.4701492537313433,
    "f1@10": 0.09000452284034373,
    "hit_rate@10": 0.4925373134328358,
    "mrr@10": 0.39427860696517414,
    "map@10": 0.3781094527363184,
    "ndcg@10": 0.40611367324128395
  },
  "generation_metrics": {
    "faithfulness": 0.8104477611940298,
    "answer_relevance": 0.7962686567164179,
    "context_precision": 0.5524875621890547
  }
}