{
  "timestamp": "2026-04-13T15:03:25.029131",
  "n_queries": 132,
  "retrieval_metrics": {
    "precision@1": 0.4166666666666667,
    "precision@3": 0.20454545454545456,
    "precision@5": 0.14545454545454545,
    "precision@10": 0.07272727272727272,
    "recall@1": 0.19823232323232323,
    "f1@1": 0.2626262626262626,
    "hit_rate@1": 0.4166666666666667,
    "mrr@1": 0.4166666666666667,
    "map@1": 0.4166666666666667,
    "ndcg@1": 0.4166666666666667,
    "recall@3": 0.2828282828282829,
    "f1@3": 0.23207070707070707,
    "hit_rate@3": 0.5151515151515151,
    "mrr@3": 0.46085858585858586,
    "map@3": 0.2518939393939394,
    "ndcg@3": 0.30831173807522,
    "recall@5": 0.3333333333333333,
    "f1@5": 0.19904401154401155,
    "hit_rate@5": 0.553030303030303,
    "mrr@5": 0.46994949494949495,
    "map@5": 0.27588383838383834,
    "ndcg@5": 0.3350501897486471,
    "recall@10": 0.3333333333333333,
    "f1@10": 0.11799816345270892,
    "hit_rate@10": 0.553030303030303,
    "mrr@10": 0.46994949494949495,
    "map@10": 0.27588383838383834,
    "ndcg@10": 0.3350501897486471
  },
  "generation_metrics": {
    "faithfulness": 0.5712121212121213,
    "answer_relevance": 0.5636363636363637,
    "context_precision": 0.31257575757575756
  }
}